{"cameraMode":{"drawMode":0,"name":"Shaded","section":"Shading Mode"},"sceneLighting":true,"audioPlay":false,"sceneViewState":{"m_AlwaysRefresh":false,"showFog":true,"showSkybox":true,"showFlares":true,"showImageEffects":true,"showParticleSystems":true,"showVisualEffectGraphs":true,"m_FxEnabled":true},"in2DMode":false,"pivot":{"x":16.922521591186525,"y":1.2024281024932862,"z":1.3372552394866944},"rotation":{"x":-0.04308192804455757,"y":-0.6982543468475342,"z":0.04216521605849266,"w":-0.713501513004303},"size":0.026531696319580079,"orthographic":false}