{"cameraMode":{"drawMode":0,"name":"Shaded","section":"Shading Mode"},"sceneLighting":true,"audioPlay":false,"sceneViewState":{"m_AlwaysRefresh":false,"showFog":true,"showSkybox":true,"showFlares":true,"showImageEffects":true,"showParticleSystems":true,"showVisualEffectGraphs":true,"m_FxEnabled":true},"in2DMode":false,"pivot":{"x":-9.479999542236329,"y":0.8999999761581421,"z":4.480000019073486},"rotation":{"x":0.1411469727754593,"y":0.12702584266662599,"z":-0.018442688509821893,"w":0.9817856550216675},"size":2.4949874877929689,"orthographic":false}