{"cameraMode":{"drawMode":0,"name":"Shaded","section":"Shading Mode"},"sceneLighting":true,"audioPlay":false,"sceneViewState":{"m_AlwaysRefresh":false,"showFog":true,"showSkybox":true,"showFlares":true,"showImageEffects":true,"showParticleSystems":true,"showVisualEffectGraphs":true,"m_FxEnabled":true},"in2DMode":false,"pivot":{"x":-4.088799476623535,"y":0.3304271101951599,"z":5.387343406677246},"rotation":{"x":0.012310286983847618,"y":0.005995611194521189,"z":-0.00008171215449692681,"w":0.9999464154243469},"size":5.110941410064697,"orthographic":true}