{"cameraMode":{"drawMode":0,"name":"Shaded","section":"Shading Mode"},"sceneLighting":true,"audioPlay":false,"sceneViewState":{"m_AlwaysRefresh":false,"showFog":true,"showSkybox":true,"showFlares":true,"showImageEffects":true,"showParticleSystems":true,"showVisualEffectGraphs":true,"m_FxEnabled":true},"in2DMode":false,"pivot":{"x":-5.300000190734863,"y":0.6000000238418579,"z":-3.0999999046325685},"rotation":{"x":0.010555462911725045,"y":0.9201104640960693,"z":-0.3912135362625122,"w":0.02582487091422081},"size":1.296419382095337,"orthographic":false}