{"cameraMode":{"drawMode":0,"name":"Shaded","section":"Shading Mode"},"sceneLighting":true,"audioPlay":false,"sceneViewState":{"m_AlwaysRefresh":false,"showFog":true,"showSkybox":true,"showFlares":true,"showImageEffects":true,"showParticleSystems":true,"showVisualEffectGraphs":true,"m_FxEnabled":true},"in2DMode":false,"pivot":{"x":1.2182754278182984,"y":1.400232195854187,"z":-5.202023029327393},"rotation":{"x":0.004251929000020027,"y":0.9386110305786133,"z":0.011531456373631955,"w":-0.3449763357639313},"size":0.30324703454971316,"orthographic":false}