{"cameraMode":{"drawMode":0,"name":"Shaded","section":"Shading Mode"},"sceneLighting":true,"audioPlay":false,"sceneViewState":{"m_AlwaysRefresh":false,"showFog":true,"showSkybox":true,"showFlares":true,"showImageEffects":true,"showParticleSystems":true,"showVisualEffectGraphs":true,"m_FxEnabled":true},"in2DMode":false,"pivot":{"x":-11.036664962768555,"y":0.8302466869354248,"z":6.431902885437012},"rotation":{"x":0.17230112850666047,"y":0.48142150044441225,"z":-0.09743499755859375,"w":0.8541104197502136},"size":0.9226047992706299,"orthographic":false}