{"cameraMode":{"drawMode":0,"name":"Shaded","section":"Shading Mode"},"sceneLighting":false,"audioPlay":false,"sceneViewState":{"m_AlwaysRefresh":false,"showFog":true,"showSkybox":false,"showFlares":true,"showImageEffects":true,"showParticleSystems":true,"showVisualEffectGraphs":true,"m_FxEnabled":true},"in2DMode":false,"pivot":{"x":-0.01140622328966856,"y":0.13952943682670594,"z":-0.03125370666384697},"rotation":{"x":-0.01404604036360979,"y":0.9749595522880554,"z":-0.06443971395492554,"w":-0.21239711344242097},"size":3.242999792098999,"orthographic":false}