{"cameraMode":{"drawMode":0,"name":"Shaded","section":"Shading Mode"},"sceneLighting":true,"audioPlay":false,"sceneViewState":{"m_AlwaysRefresh":false,"showFog":true,"showSkybox":true,"showFlares":true,"showImageEffects":true,"showParticleSystems":true,"showVisualEffectGraphs":true,"m_FxEnabled":true},"in2DMode":false,"pivot":{"x":-0.8139599561691284,"y":2.2738537788391115,"z":-11.498774528503418},"rotation":{"x":-0.42947226762771609,"y":-0.19847020506858827,"z":0.0973745808005333,"w":-0.8756347894668579},"size":6.594016075134277,"orthographic":false}