{"cameraMode":{"drawMode":0,"name":"Shaded","section":"Shading Mode"},"sceneLighting":true,"audioPlay":false,"sceneViewState":{"m_AlwaysRefresh":false,"showFog":true,"showSkybox":true,"showFlares":true,"showImageEffects":true,"showParticleSystems":true,"showVisualEffectGraphs":true,"m_FxEnabled":true},"in2DMode":false,"pivot":{"x":449.371826171875,"y":185.42233276367188,"z":-5.194549560546875},"rotation":{"x":0.02816973254084587,"y":-0.03538310155272484,"z":-0.0009966801153495908,"w":-0.9989951848983765},"size":346.3287353515625,"orthographic":true}