{"cameraMode":{"drawMode":0,"name":"Shaded","section":"Shading Mode"},"sceneLighting":false,"audioPlay":false,"sceneViewState":{"m_AlwaysRefresh":false,"showFog":true,"showSkybox":false,"showFlares":true,"showImageEffects":true,"showParticleSystems":true,"showVisualEffectGraphs":true,"m_FxEnabled":true},"in2DMode":false,"pivot":{"x":-0.21460413932800294,"y":0.19804567098617555,"z":0.30754491686820986},"rotation":{"x":0.09431221336126328,"y":-0.7868413329124451,"z":0.12388928979635239,"w":0.5974923968315125},"size":2.70739483833313,"orthographic":false}