{"cameraMode":{"drawMode":0,"name":"Shaded","section":"Shading Mode"},"sceneLighting":false,"audioPlay":false,"sceneViewState":{"m_AlwaysRefresh":false,"showFog":true,"showSkybox":false,"showFlares":true,"showImageEffects":true,"showParticleSystems":true,"showVisualEffectGraphs":true,"m_FxEnabled":true},"in2DMode":false,"pivot":{"x":-5.820779275245158e-11,"y":0.11911824345588684,"z":-0.36722615361213686},"rotation":{"x":-0.08603234589099884,"y":-0.7624130249023438,"z":0.10393474996089935,"w":-0.6331509351730347},"size":2.70739483833313,"orthographic":false}