{"cameraMode":{"drawMode":0,"name":"Shaded","section":"Shading Mode"},"sceneLighting":false,"audioPlay":false,"sceneViewState":{"m_AlwaysRefresh":false,"showFog":true,"showSkybox":false,"showFlares":true,"showImageEffects":true,"showParticleSystems":true,"showVisualEffectGraphs":true,"m_FxEnabled":true},"in2DMode":false,"pivot":{"x":0.5584129691123962,"y":0.4567091763019562,"z":0.092429518699646},"rotation":{"x":0.02477046102285385,"y":-0.7975393533706665,"z":0.03278524428606033,"w":0.6019172072410584},"size":3.866024971008301,"orthographic":true}