{"cameraMode":{"drawMode":0,"name":"Shaded","section":"Shading Mode"},"sceneLighting":true,"audioPlay":false,"sceneViewState":{"m_AlwaysRefresh":false,"showFog":true,"showSkybox":true,"showFlares":true,"showImageEffects":true,"showParticleSystems":true,"showVisualEffectGraphs":true,"m_FxEnabled":true},"in2DMode":false,"pivot":{"x":0.46198078989982607,"y":4.405345439910889,"z":-6.088062286376953},"rotation":{"x":0.2225141078233719,"y":-0.007311984430998564,"z":0.001668944489210844,"w":0.9749038219451904},"size":0.5364998579025269,"orthographic":false}