{"cameraMode":{"drawMode":0,"name":"Shaded","section":"Shading Mode"},"sceneLighting":true,"audioPlay":false,"sceneViewState":{"m_AlwaysRefresh":false,"showFog":true,"showSkybox":true,"showFlares":true,"showImageEffects":true,"showParticleSystems":true,"showVisualEffectGraphs":true,"m_FxEnabled":true},"in2DMode":false,"pivot":{"x":0.3999999761581421,"y":1.2613410949707032,"z":-8.399999618530274},"rotation":{"x":0.1813666671514511,"y":-0.016225749626755716,"z":0.002993121277540922,"w":0.9832929372787476},"size":8.553461074829102,"orthographic":false}