{"cameraMode":{"drawMode":0,"name":"Shaded","section":"Shading Mode"},"sceneLighting":false,"audioPlay":false,"sceneViewState":{"m_AlwaysRefresh":false,"showFog":true,"showSkybox":false,"showFlares":true,"showImageEffects":true,"showParticleSystems":true,"showVisualEffectGraphs":true,"m_FxEnabled":true},"in2DMode":false,"pivot":{"x":-0.4315265417098999,"y":1.3522608280181885,"z":0.08393850922584534},"rotation":{"x":0.0026897452771663667,"y":-0.02040117047727108,"z":-0.00005411867823568173,"w":-0.9997937083244324},"size":1.469375491142273,"orthographic":false}