{"cameraMode":{"drawMode":0,"name":"Shaded","section":"Shading Mode"},"sceneLighting":false,"audioPlay":false,"sceneViewState":{"m_AlwaysRefresh":false,"showFog":true,"showSkybox":false,"showFlares":true,"showImageEffects":true,"showParticleSystems":true,"showVisualEffectGraphs":true,"m_FxEnabled":true},"in2DMode":false,"pivot":{"x":-5.662441253662109e-7,"y":0.4884999990463257,"z":0.06150001287460327},"rotation":{"x":-0.0011601349106058479,"y":0.9879258871078491,"z":0.007409549318253994,"w":0.15477003157138825},"size":1.5029170513153077,"orthographic":false}