{"cameraMode":{"drawMode":0,"name":"Shaded","section":"Shading Mode"},"sceneLighting":false,"audioPlay":false,"sceneViewState":{"m_AlwaysRefresh":false,"showFog":true,"showSkybox":false,"showFlares":true,"showImageEffects":true,"showParticleSystems":true,"showVisualEffectGraphs":true,"m_FxEnabled":true},"in2DMode":false,"pivot":{"x":-1.0104998350143433,"y":3.3572633266448976,"z":5.631625175476074},"rotation":{"x":0.004838044289499521,"y":0.9864625930786133,"z":0.029602793976664544,"w":-0.16121996939182282},"size":2.0427186489105226,"orthographic":false}